"a","a@mgt.com","123456","true","TeamLeader"
"b","b@mgt.com","123456","true","TeamLeader"
"c","c@mgt.com","123456","true","TeamLeader"
"d","d@mgt.com","123456","true","TeamMember"
"e","e@mgt.com","123456","true","TeamMember"
"f","f@mgt.com","123456","true","TeamMember"
"g","g@mgt.com","123456","true","TeamMember"
"a","a@a.com","123456","true","TeamLeader"
"b","b@b.com","123456","true","TeamLeader"
"c","c@c.com","123456","true","TeamMember"
"d","d@d.com","123456","true","TeamMember"
"e","e@e.com","123456","true","TeamMember"
"f","f@f.com","123456","true","TeamMember"
"g","g@g.com","123456","true","TeamMember"
"Henry","henry@h.com","123456","true","TeamLeader"
"admin","admin@mgt.com","123456","true","Admin"
"admin","admin@mgt.com","123456","true","Admin"
"admin","admin@mgt.com","123456","true","Admin"
"admin","admin@mgt.com","123456","true","Admin"
